Team,Avg Support Duration,Attended Stadium %,Watches Full Matches %,Believes Bias %,Social Media Engagement %,Confidence to Win %,Avg Win Sentiment,Avg Loss Sentiment,Avg Investment,Loyalty %,Team Sentiment Score,Predicted Rank
Punjab Kings,10.0,1.0,1.0,1.0,0.0,1.0,0.0,0.0,5.0,1.0,0.6,1
Royal Challengers Bengaluru,6.291666666666667,0.55,0.9,0.2,0.43333333333333335,0.7833333333333333,0.0,0.0,4.016666666666667,0.8,0.4977500000000001,2
Kolkata Knight Riders,9.1,0.85,1.0,0.0,0.5,0.5,0.0,0.0,3.35,0.65,0.48249999999999993,3
Mumbai Indians,6.154867256637168,0.4690265486725664,0.831858407079646,0.3893805309734513,0.3274336283185841,0.6991150442477876,0.0,0.0,3.495575221238938,0.7787610619469026,0.4469469026548673,4
Rajasthan Royals,8.26086956521739,0.21739130434782608,0.5217391304347826,0.0,0.4782608695652174,0.5217391304347826,0.0,0.0,3.0,1.0,0.4395652173913044,5
Chennai Super Kings,8.195945945945946,0.10135135135135136,0.6756756756756757,0.35135135135135137,0.12837837837837837,0.8513513513513513,0.0,0.0,3.1554054054054053,0.33783783783783783,0.3787837837837838,6
Delhi Capitals,4.464285714285714,0.35714285714285715,0.7142857142857143,0.6428571428571429,0.35714285714285715,0.0,0.0,0.0,3.142857142857143,0.0,0.2596428571428572,7
